{
    "epoch": 3.0,
    "total_flos": 1.5758690193985536e+16,
    "train_loss": 0.0666959958589369,
    "train_runtime": 3912.8455,
    "train_samples_per_second": 3.834,
    "train_steps_per_second": 0.24
}