{
  "best_global_step": null,
  "best_metric": null,
  "best_model_checkpoint": null,
  "epoch": 1.0,
  "eval_steps": 500,
  "global_step": 313,
  "is_hyper_param_search": false,
  "is_local_process_zero": true,
  "is_world_process_zero": true,
  "log_history": [
    {
      "epoch": 0.16,
      "grad_norm": 0.17355848848819733,
      "learning_rate": 4.954981892988451e-05,
      "logits/chosen": -2.3247594833374023,
      "logits/rejected": -2.2427704334259033,
      "logps/chosen": -0.6162875294685364,
      "logps/rejected": -1.17229425907135,
      "loss": 0.6402098083496094,
      "odds_ratio_loss": 0.23922133445739746,
      "rewards/accuracies": 0.9249999523162842,
      "rewards/chosen": -0.061628758907318115,
      "rewards/margins": 0.05560067668557167,
      "rewards/rejected": -0.11722943186759949,
      "sft_loss": 0.6162875294685364,
      "step": 50
    },
    {
      "epoch": 0.32,
      "grad_norm": 0.05913997441530228,
      "learning_rate": 4.330818078723755e-05,
      "logits/chosen": -2.4427127838134766,
      "logits/rejected": -2.419950485229492,
      "logps/chosen": -0.027190469205379486,
      "logps/rejected": -0.5538235902786255,
      "loss": 0.034517600536346435,
      "odds_ratio_loss": 0.07327120751142502,
      "rewards/accuracies": 0.9824999570846558,
      "rewards/chosen": -0.002719047013670206,
      "rewards/margins": 0.05266331508755684,
      "rewards/rejected": -0.05538235977292061,
      "sft_loss": 0.027190469205379486,
      "step": 100
    },
    {
      "epoch": 0.48,
      "grad_norm": 0.039618831127882004,
      "learning_rate": 3.149297142907792e-05,
      "logits/chosen": -2.421893835067749,
      "logits/rejected": -2.4643096923828125,
      "logps/chosen": -0.023027166724205017,
      "logps/rejected": -0.5289618372917175,
      "loss": 0.03161764144897461,
      "odds_ratio_loss": 0.08590470254421234,
      "rewards/accuracies": 0.9762499928474426,
      "rewards/chosen": -0.0023027167189866304,
      "rewards/margins": 0.05059346929192543,
      "rewards/rejected": -0.05289619415998459,
      "sft_loss": 0.023027166724205017,
      "step": 150
    },
    {
      "epoch": 0.64,
      "grad_norm": 0.05949605628848076,
      "learning_rate": 1.7701102615737368e-05,
      "logits/chosen": -2.453328847885132,
      "logits/rejected": -2.4940004348754883,
      "logps/chosen": -0.02469533309340477,
      "logps/rejected": -0.4660962224006653,
      "loss": 0.032491524219512936,
      "odds_ratio_loss": 0.0779620036482811,
      "rewards/accuracies": 0.9749999642372131,
      "rewards/chosen": -0.0024695335887372494,
      "rewards/margins": 0.04414008930325508,
      "rewards/rejected": -0.04660962149500847,
      "sft_loss": 0.02469533309340477,
      "step": 200
    },
    {
      "epoch": 0.8,
      "grad_norm": 0.04063102602958679,
      "learning_rate": 6.1312418128412565e-06,
      "logits/chosen": -2.457249164581299,
      "logits/rejected": -2.4885125160217285,
      "logps/chosen": -0.021699190139770508,
      "logps/rejected": -0.4365936517715454,
      "loss": 0.02882016658782959,
      "odds_ratio_loss": 0.07120995223522186,
      "rewards/accuracies": 0.9837499856948853,
      "rewards/chosen": -0.0021699187345802784,
      "rewards/margins": 0.04148944839835167,
      "rewards/rejected": -0.04365936666727066,
      "sft_loss": 0.021699190139770508,
      "step": 250
    },
    {
      "epoch": 0.96,
      "grad_norm": 0.03946154564619064,
      "learning_rate": 3.0560916273504325e-07,
      "logits/chosen": -2.438830852508545,
      "logits/rejected": -2.462036609649658,
      "logps/chosen": -0.024105194956064224,
      "logps/rejected": -0.4337570071220398,
      "loss": 0.03324208736419678,
      "odds_ratio_loss": 0.09136901795864105,
      "rewards/accuracies": 0.9724999666213989,
      "rewards/chosen": -0.002410519402474165,
      "rewards/margins": 0.040965184569358826,
      "rewards/rejected": -0.04337570071220398,
      "sft_loss": 0.024105194956064224,
      "step": 300
    },
    {
      "epoch": 1.0,
      "step": 313,
      "total_flos": 9276311022698496.0,
      "train_loss": 0.12939836679936978,
      "train_runtime": 2278.7124,
      "train_samples_per_second": 2.194,
      "train_steps_per_second": 0.137
    }
  ],
  "logging_steps": 50,
  "max_steps": 313,
  "num_input_tokens_seen": 0,
  "num_train_epochs": 1,
  "save_steps": 500,
  "stateful_callbacks": {
    "TrainerControl": {
      "args": {
        "should_epoch_stop": false,
        "should_evaluate": false,
        "should_log": false,
        "should_save": true,
        "should_training_stop": true
      },
      "attributes": {}
    }
  },
  "total_flos": 9276311022698496.0,
  "train_batch_size": 2,
  "trial_name": null,
  "trial_params": null
}
