{
    "epoch": 3.0,
    "total_flos": 4.0003137736176384e+17,
    "train_loss": 0.04641636390795653,
    "train_runtime": 10495.3344,
    "train_samples_per_second": 2.65,
    "train_steps_per_second": 0.166
}