{
    "epoch": 3.0,
    "total_flos": 1.5758690193985536e+16,
    "train_loss": 0.06741130974092169,
    "train_runtime": 4017.7092,
    "train_samples_per_second": 3.733,
    "train_steps_per_second": 0.234
}