{
    "predict_bleu-4": 93.21799253882854,
    "predict_model_preparation_time": 0.0353,
    "predict_rouge-1": 91.29612332758096,
    "predict_rouge-2": 90.60014034108214,
    "predict_rouge-l": 93.79704391432341,
    "predict_runtime": 10541.5069,
    "predict_samples_per_second": 0.934,
    "predict_steps_per_second": 0.234
}