{
    "epoch": 3.0,
    "total_flos": 1.4251369614291763e+17,
    "train_loss": 0.09678832613748992,
    "train_runtime": 1685.7118,
    "train_samples_per_second": 8.898,
    "train_steps_per_second": 0.557
}