{
    "predict_bleu-4": 99.22265526342503,
    "predict_model_preparation_time": 0.0205,
    "predict_rouge-1": 93.63964976144553,
    "predict_rouge-2": 94.54829789869048,
    "predict_rouge-l": 94.91216621662775,
    "predict_runtime": 5740.9219,
    "predict_samples_per_second": 1.716,
    "predict_steps_per_second": 0.429
}