{
    "predict_bleu-4": 19.039152674855345,
    "predict_model_preparation_time": 0.0247,
    "predict_rouge-1": 69.23389219368593,
    "predict_rouge-2": 58.06666125266471,
    "predict_rouge-l": 70.2703,
    "predict_runtime": 2983.889,
    "predict_samples_per_second": 3.301,
    "predict_steps_per_second": 0.825
}