{
  "DT depth=1": [
    1.0,
    0.3840130970175813,
    0.031163194303296973
  ],
  "DT depth=3": [
    1.0,
    1.0,
    0.2777779307368257
  ],
  "DT depth=5": [
    1.0,
    1.0,
    0.48547847339251615
  ],
  "DT depth=10": [
    1.0,
    1.0,
    0.48547847339251615
  ],
  "DT unlimited": [
    1.0,
    1.0,
    0.48547847339251615
  ],
  "RF n=10": [
    1.0,
    1.0,
    0.48071777005707583
  ],
  "RF n=100": [
    1.0,
    1.0,
    0.498539731908382
  ],
  "RF n=500": [
    1.0,
    1.0,
    0.498539731908382
  ],
  "GradientBoosting": [
    1.0,
    0.9886639676113361,
    0.4821144533115067
  ],
  "LinearSVM": [
    1.0,
    0.9844703112523359,
    0.43045289114653273
  ]
}