{
    "predict_bleu-4": 15.263371698304741,
    "predict_model_preparation_time": 0.025,
    "predict_rouge-1": 54.27997708862044,
    "predict_rouge-2": 43.5625881433357,
    "predict_rouge-l": 57.45486814536596,
    "predict_runtime": 5819.2558,
    "predict_samples_per_second": 1.693,
    "predict_steps_per_second": 0.423
}