{
    "epoch": 3.0,
    "total_flos": 3.3397715222790144e+16,
    "train_loss": 0.08114205254787327,
    "train_runtime": 1082.9393,
    "train_samples_per_second": 13.851,
    "train_steps_per_second": 0.867
}