{
    "predict_bleu-4": 98.51425184245254,
    "predict_model_preparation_time": 0.0202,
    "predict_rouge-1": 95.49788345345651,
    "predict_rouge-2": 96.33085719216324,
    "predict_rouge-l": 96.81121236422699,
    "predict_runtime": 3774.2332,
    "predict_samples_per_second": 2.61,
    "predict_steps_per_second": 0.326
}