{
    "epoch": 3.0,
    "eval_loss": 0.0460062213242054,
    "eval_runtime": 633.6807,
    "eval_samples_per_second": 14.783,
    "eval_steps_per_second": 1.848,
    "total_flos": 2.1077525763030528e+17,
    "train_loss": 0.06783499225133016,
    "train_runtime": 6707.8402,
    "train_samples_per_second": 2.236,
    "train_steps_per_second": 0.14
}