{
    "epoch": 3.0,
    "total_flos": 1.438692105159936e+17,
    "train_loss": 0.08185267296081153,
    "train_runtime": 5167.5756,
    "train_samples_per_second": 2.903,
    "train_steps_per_second": 0.182
}