{
    "epoch": 3.0,
    "total_flos": 1.5758690193985536e+16,
    "train_loss": 0.06725308308586145,
    "train_runtime": 3733.8907,
    "train_samples_per_second": 4.017,
    "train_steps_per_second": 0.251
}