{
    "epoch": 3.0,
    "total_flos": 1.2523867792687104e+17,
    "train_loss": 0.09536194725158496,
    "train_runtime": 1251.4709,
    "train_samples_per_second": 11.986,
    "train_steps_per_second": 0.75
}