{
    "epoch": 3.0,
    "total_flos": 1.6824254617571328e+16,
    "train_loss": 0.07182510262226272,
    "train_runtime": 4360.4967,
    "train_samples_per_second": 3.44,
    "train_steps_per_second": 0.215
}