{
    "predict_bleu-4": 12.157651243528576,
    "predict_model_preparation_time": 0.0347,
    "predict_rouge-1": 59.71705817683485,
    "predict_rouge-2": 49.875018556491725,
    "predict_rouge-l": 63.620296771901344,
    "predict_runtime": 4415.5152,
    "predict_samples_per_second": 2.231,
    "predict_steps_per_second": 0.558
}