{
    "predict_bleu-4": 98.50608936148615,
    "predict_model_preparation_time": 0.0259,
    "predict_rouge-1": 95.43996116130343,
    "predict_rouge-2": 96.28396811491221,
    "predict_rouge-l": 96.77018408283423,
    "predict_runtime": 7311.8568,
    "predict_samples_per_second": 1.347,
    "predict_steps_per_second": 0.337
}