{
    "epoch": 3.0,
    "total_flos": 1.4671832063095603e+17,
    "train_loss": 0.19101579450824643,
    "train_runtime": 1524.3064,
    "train_samples_per_second": 9.841,
    "train_steps_per_second": 0.616
}