{
    "predict_bleu-4": 21.245272611917574,
    "predict_model_preparation_time": 0.0234,
    "predict_rouge-1": 53.84860501471932,
    "predict_rouge-2": 42.372815480661856,
    "predict_rouge-l": 53.54616798294589,
    "predict_runtime": 6978.0654,
    "predict_samples_per_second": 1.412,
    "predict_steps_per_second": 0.353
}