{
    "epoch": 3.0,
    "total_flos": 2.1072264561114624e+17,
    "train_loss": 0.06851041482025569,
    "train_runtime": 6174.7578,
    "train_samples_per_second": 2.429,
    "train_steps_per_second": 0.152
}