{
    "predict_bleu-4": 93.21804749771597,
    "predict_model_preparation_time": 0.0281,
    "predict_rouge-1": 91.25426209521876,
    "predict_rouge-2": 90.55553658511828,
    "predict_rouge-l": 93.76724600548167,
    "predict_runtime": 9098.224,
    "predict_samples_per_second": 1.083,
    "predict_steps_per_second": 0.271
}