{
    "epoch": 3.0,
    "total_flos": 3.060700776746189e+16,
    "train_loss": 0.053985973643545654,
    "train_runtime": 4647.4279,
    "train_samples_per_second": 3.228,
    "train_steps_per_second": 0.202
}